county_code,king_precinct_no,Precinct
KI,1,SHL 32-0001
KI,3,LFP 46-0003
KI,9,BUR 33-0009
KI,10,ALDERWOOD
KI,11,BEL 41-0011
KI,12,SHL 32-0012
KI,13,ALG 30-0013
KI,14,ALG 30-0014
KI,16,DES 33-0016
KI,17,BEL 41-0017
KI,19,KIR 01-0019
KI,22,ANGEL CITY
KI,24,SHL 32-0024
KI,25,BUR 34-0025
KI,26,KEN 47-0026
KI,28,KEN 47-0028
KI,31,RNT 11-0031
KI,33,BUR 34-0033
KI,36,KMR 46-0036
KI,37,ARTHUR
KI,38,SHL 32-0038
KI,41,AUB 47-0041
KI,42,AUB 31-0042
KI,45,AUB 47-0045
KI,46,AUB 30-0046
KI,47,AUB 31-0047
KI,48,AUB 31-0048
KI,49,AUB 31-0049
KI,50,AUB 31-0050
KI,51,AUB 31-0051
KI,53,AUB 30-0053
KI,54,AUB 31-0054
KI,55,AUB 47-0055
KI,58,AUB 31-0058
KI,59,AUB 47-0059
KI,62,AUB 31-0062
KI,63,AUB 31-0063
KI,64,AUB 31-0064
KI,65,AUB 31-0065
KI,67,AUB 30-0067
KI,69,AUB 31-0069
KI,70,AUB 31-0070
KI,72,AUB 47-0072
KI,73,AUB 47-0073
KI,74,AUB 47-0074
KI,78,AUB 31-0078
KI,80,AUB 31-0080
KI,81,AUB 31-0081
KI,82,AUB 31-0082
KI,83,AUB 31-0083
KI,88,SHL 32-0088
KI,89,AVALON
KI,91,AVONDALE
KI,92,LFP 46-0092
KI,93,BAKER
KI,94,BUR 33-0094
KI,98,BEAR CREEK
KI,99,BEA 41-0099
KI,100,SAM 41-0100
KI,101,BEL 41-0101
KI,102,BEL 41-0102
KI,103,BEL 41-0103
KI,106,BEL 41-0106
KI,108,BEL 41-0108
KI,109,BEL 41-0109
KI,110,BEL 41-0110
KI,111,BEL 41-0111
KI,112,BEL 41-0112
KI,113,BEL 41-0113
KI,114,BEL 41-0114
KI,116,BEL 41-0116
KI,117,BEL 41-0117
KI,119,BEL 41-0119
KI,120,BEL 41-0120
KI,121,BEL 41-0121
KI,122,BEL 41-0122
KI,123,BEL 41-0123
KI,124,BEL 41-0124
KI,125,BEL 48-0125
KI,126,BEL 48-0126
KI,127,BEL 48-0127
KI,128,BEL 41-0128
KI,129,BEL 41-0129
KI,131,BEL 41-0131
KI,132,BEL 48-0132
KI,133,BEL 48-0133
KI,134,BEL 48-0134
KI,135,BEL 48-0135
KI,136,BEL 48-0136
KI,138,BEL 48-0138
KI,140,BEL 48-0140
KI,142,BEL 48-0142
KI,143,BEL 48-0143
KI,144,BEL 48-0144
KI,145,BEL 48-0145
KI,146,BEL 48-0146
KI,147,BEL 48-0147
KI,149,BEL 48-0149
KI,151,BEL 48-0151
KI,153,BEL 48-0153
KI,154,BEL 48-0154
KI,156,BEL 48-0156
KI,159,BEL 48-0159
KI,160,BEL 48-0160
KI,162,BEL 48-0162
KI,164,BEL 48-0164
KI,165,BEL 48-0165
KI,166,BEL 48-0166
KI,167,BEL 48-0167
KI,168,BEL 48-0168
KI,169,BEL 48-0169
KI,170,BEL 48-0170
KI,171,BEL 48-0171
KI,175,BEL 41-0175
KI,176,BEL 41-0176
KI,177,BEL 48-0177
KI,178,BEL 48-0178
KI,179,BEL 41-0179
KI,180,BEL 41-0180
KI,186,BEL 48-0186
KI,188,BEL 48-0188
KI,189,BEL 48-0189
KI,190,BEL 48-0190
KI,191,BEL 48-0191
KI,192,BEL 48-0192
KI,193,BEL 48-0193
KI,194,BEL 48-0194
KI,196,BEL 48-0196
KI,198,BEL 48-0198
KI,201,BEL 48-0201
KI,203,BEL 41-0203
KI,205,BEL 41-0205
KI,206,BEL 41-0206
KI,207,BEL 48-0207
KI,210,BEL 41-0210
KI,211,BEL 41-0211
KI,212,BEL 48-0212
KI,213,BEL 48-0213
KI,216,BEL 48-0216
KI,217,BEL 48-0217
KI,218,BEL 48-0218
KI,219,BEL 41-0219
KI,220,BEL 41-0220
KI,221,BEL 48-0221
KI,223,BEL 48-0223
KI,224,BEL 48-0224
KI,225,BEL 48-0225
KI,226,BEL 48-0226
KI,227,BEL 48-0227
KI,229,KEN 47-0229
KI,231,BERNICE
KI,232,SHL 32-0232
KI,233,BETTY
KI,236,BILOXI
KI,238,KEN 47-0238
KI,239,B-D 05-0239
KI,240,B-D 05-0240
KI,241,SHL 32-0241
KI,246,KEN 47-0246
KI,248,NEW 41-0248
KI,251,BUR 33-0251
KI,252,BOT 01-0252
KI,253,BOT 01-0253
KI,254,BOT 01-0254
KI,255,BOT 01-0255
KI,256,BOT 01-0256
KI,257,BOT 01-0257
KI,258,BOT 01-0258
KI,259,BOT 01-0259
KI,260,BOT 01-0260
KI,261,BOT 01-0261
KI,262,BOT 01-0262
KI,267,SHL 32-0267
KI,270,KEN 33-0270
KI,271,BROKEN HILL
KI,272,DES 33-0272
KI,273,BRYN MAWR
KI,274,SHL 32-0274
KI,277,SHL 32-0277
KI,278,BURTON
KI,279,COV 47-0279
KI,280,CALHOUN
KI,281,BUR 34-0281
KI,282,CAMELOT
KI,283,CAMPBELL HILL
KI,289,BUR 33-0289
KI,290,CAR 05-0290
KI,292,CARPENTER
KI,293,CARRIAGE LANE
KI,295,BUR 34-0295
KI,296,SHL 32-0296
KI,297,DES 33-0297
KI,298,BUR 34-0298
KI,300,CEDAR PARK
KI,301,CEDAR RIVER
KI,305,BEL 41-0305
KI,307,SAM 41-0307
KI,309,LFP 46-0309
KI,310,CHAUTAUQUA
KI,311,BUR 34-0311
KI,313,COV 47-0313
KI,314,CHERRY VALLEY
KI,315,CHINOOK
KI,318,CLEVELAND
KI,319,SHL 32-0319
KI,320,CLOVER
KI,321,C-H 48-0321
KI,322,C-H 48-0322
KI,323,C-H 48-0323
KI,324,C-H 48-0324
KI,325,C-H 48-0325
KI,326,C-H 48-0326
KI,327,COALFIELD
KI,328,AUB 47-0328
KI,330,COLVOS
KI,331,CONNAUGHT
KI,333,BEL 41-0333
KI,335,SHL 32-0335
KI,336,CORNELL
KI,338,COTTAGE LAKE
KI,339,COUGAR MTN
KI,340,KMR 46-0340
KI,342,COVE
KI,344,BUR 34-0344
KI,346,SHL 32-0346
KI,348,CUMBERLAND
KI,354,RNT 11-0354
KI,356,KIR 01-0356
KI,357,SHL 32-0357
KI,358,DENVER
KI,360,DES 33-0360
KI,361,DES 33-0361
KI,362,DES 33-0362
KI,363,DES 33-0363
KI,364,DES 33-0364
KI,366,DES 33-0366
KI,367,DES 33-0367
KI,368,SHL 32-0368
KI,370,DILWORTH
KI,371,DOCKTON
KI,373,DOLLOFF
KI,374,DOLPHIN
KI,377,BUR 34-0377
KI,378,SHL 32-0378
KI,379,DORRE DON
KI,381,BUR 34-0381
KI,389,DUV 45-0389
KI,392,EARLINGTON
KI,395,EASTWOOD
KI,396,SHL 32-0396
KI,397,LFP 46-0397
KI,400,LFP 46-0400
KI,401,SHL 32-0401
KI,402,BUR 34-0402
KI,403,KIR 01-0403
KI,404,RNT 11-0404
KI,407,SHL 32-0407
KI,408,BEL 41-0408
KI,409,ENM 31-0409
KI,410,ENM 31-0410
KI,411,ENM 31-0411
KI,413,ENM 31-0413
KI,415,ENM 31-0415
KI,416,ENM 31-0416
KI,417,ENM 31-0417
KI,418,ENM 31-0418
KI,419,ENM 31-0419
KI,421,KIR 01-0421
KI,422,KIR 01-0422
KI,423,SHL 32-0423
KI,424,SHL 32-0424
KI,426,EVERGREEN
KI,427,EXCALIBUR
KI,430,FAIRWOOD
KI,432,FALL CITY
KI,437,DES 33-0437
KI,439,KEN 47-0439
KI,442,KIR 45-0442
KI,444,SHL 32-0444
KI,452,FRANKLIN
KI,453,KEN 33-0453
KI,454,SHL 32-0454
KI,455,RNT 33-0455
KI,456,RNT 11-0456
KI,460,BEL 41-0460
KI,461,GENEVA
KI,462,SHL 32-0462
KI,465,BUR 34-0465
KI,469,GLASGOW
KI,470,SHL 32-0470
KI,471,GLENDALE
KI,472,BEL 41-0472
KI,473,KMR 46-0473
KI,474,SHL 32-0474
KI,475,BEL 41-0475
KI,476,BUR 33-0476
KI,479,GRANDVIEW
KI,481,GRASS LAKE
KI,482,KEN 47-0482
KI,485,BUR 34-0485
KI,486,SHL 32-0486
KI,487,GREEN RIVER
KI,488,SHL 32-0488
KI,489,BUR 34-0489
KI,492,GUENEVERE
KI,493,HAM LAKE
KI,494,SHL 32-0494
KI,495,HAPPY VALLEY
KI,498,KEN 47-0498
KI,499,SHL 32-0499
KI,501,KMR 46-0501
KI,502,RNT 11-0502
KI,505,BEL 41-0505
KI,510,SHL 32-0510
KI,514,SHL 32-0514
KI,517,LFP 46-0517
KI,518,BEL 41-0518
KI,519,SHL 32-0519
KI,520,HI-VALLEY
KI,522,HOBART
KI,525,HOLLYWOOD
KI,527,SHL 32-0527
KI,528,M-V 05-0528
KI,530,SHL 32-0530
KI,532,DES 33-0532
KI,533,HPT 48-0533
KI,534,HUTCHINSON
KI,535,KMR 46-0535
KI,536,SAM 45-0536
KI,537,SHL 32-0537
KI,538,SHL 32-0538
KI,539,RNT 11-0539
KI,543,ISS 05-0543
KI,544,ISS 05-0544
KI,545,ISS 05-0545
KI,546,ISS 05-0546
KI,547,ISS 05-0547
KI,548,ISS 05-0548
KI,550,ISS 05-0550
KI,554,KIR 45-0554
KI,556,JEFFERSON
KI,558,SHL 32-0558
KI,559,SHL 32-0559
KI,560,BUR 34-0560
KI,561,JOVITA
KI,562,BUR 33-0562
KI,566,COV 47-0566
KI,568,JUTLAND
KI,572,KMR 46-0572
KI,573,KMR 46-0573
KI,575,KEN 33-0575
KI,576,KEN 33-0576
KI,577,KEN 33-0577
KI,578,KEN 33-0578
KI,581,KEN 33-0581
KI,582,KEN 33-0582
KI,583,KEN 33-0583
KI,585,KEN 33-0585
KI,586,KEN 33-0586
KI,587,KEN 33-0587
KI,588,KEN 33-0588
KI,590,KEN 33-0590
KI,591,KEN 33-0591
KI,592,KEN 33-0592
KI,593,KEN 33-0593
KI,594,KEN 33-0594
KI,595,KEN 33-0595
KI,596,KEN 33-0596
KI,597,KEN 33-0597
KI,598,KEN 33-0598
KI,600,KEN 47-0600
KI,601,KEN 47-0601
KI,603,KEN 33-0603
KI,605,SHL 32-0605
KI,606,SHL 32-0606
KI,607,KILLARNEY
KI,609,SHL 32-0609
KI,610,KIR 45-0610
KI,614,KIR 48-0614
KI,615,KIR 48-0615
KI,616,KIR 45-0616
KI,618,KIR 45-0618
KI,619,KIR 45-0619
KI,620,KIR 45-0620
KI,622,KIR 45-0622
KI,623,KIR 45-0623
KI,624,KIR 45-0624
KI,627,KIR 45-0627
KI,628,KIR 48-0628
KI,629,KIR 48-0629
KI,630,KIR 45-0630
KI,631,KIR 45-0631
KI,632,KIR 45-0632
KI,633,KIR 48-0633
KI,636,KIR 48-0636
KI,638,KIR 48-0638
KI,639,KIR 48-0639
KI,641,KIR 48-0641
KI,642,KIR 48-0642
KI,643,KIR 48-0643
KI,644,KIR 48-0644
KI,645,KIR 48-0645
KI,646,KIR 48-0646
KI,647,KRAIN
KI,648,SHL 32-0648
KI,649,LAKE DESIRE
KI,650,LFP 46-0650
KI,652,LFP 46-0652
KI,653,LFP 46-0653
KI,654,LFP 46-0654
KI,655,LFP 46-0655
KI,658,BEL 41-0658
KI,659,LAKELAND
KI,660,LAKERIDGE
KI,662,KEN 47-0662
KI,665,SHL 32-0665
KI,667,LANGSTON
KI,668,DES 33-0668
KI,671,AUB 47-0671
KI,676,WOD 45-0676
KI,677,KMR 46-0677
KI,682,DES 33-0682
KI,686,KMR 46-0686
KI,687,LISABEULA
KI,688,LITTLE SOOS
KI,689,KMR 46-0689
KI,690,LOIS
KI,692,SHL 32-0692
KI,694,BEL 48-0694
KI,695,KMR 46-0695
KI,696,KMR 46-0696
KI,697,M-V 05-0697
KI,699,BUR 34-0699
KI,701,BUR 33-0701
KI,702,MCDIVITT
KI,703,MCDONALD
KI,705,BUR 33-0705
KI,708,MABEL
KI,709,MADISON
KI,710,BUR 34-0710
KI,711,SHL 32-0711
KI,717,MAPLE HILLS
KI,719,RNT 11-0719
KI,723,MARIAN
KI,729,BUR 33-0729
KI,733,BEL 41-0733
KI,734,LFP 46-0734
KI,735,SHL 32-0735
KI,738,RNT 11-0738
KI,739,MAURY
KI,741,MAY VALLEY
KI,742,MEADOWBROOK
KI,749,MED 48-0749
KI,750,MED 48-0750
KI,751,MED 48-0751
KI,752,MED 48-0752
KI,753,KEN 47-0753
KI,754,SHL 32-0754
KI,755,M-I 41-0755
KI,756,M-I 41-0756
KI,757,M-I 41-0757
KI,758,M-I 41-0758
KI,759,M-I 41-0759
KI,761,M-I 41-0761
KI,762,M-I 41-0762
KI,763,M-I 41-0763
KI,765,M-I 41-0765
KI,766,M-I 41-0766
KI,767,M-I 41-0767
KI,768,M-I 41-0768
KI,769,M-I 41-0769
KI,770,M-I 41-0770
KI,771,M-I 41-0771
KI,773,M-I 41-0773
KI,774,M-I 41-0774
KI,775,M-I 41-0775
KI,776,M-I 41-0776
KI,777,M-I 41-0777
KI,778,M-I 41-0778
KI,779,M-I 41-0779
KI,780,M-I 41-0780
KI,781,M-I 41-0781
KI,782,M-I 41-0782
KI,784,M-I 41-0784
KI,785,M-I 41-0785
KI,786,M-I 41-0786
KI,787,M-I 41-0787
KI,788,M-I 41-0788
KI,789,M-I 41-0789
KI,790,M-I 41-0790
KI,791,M-I 41-0791
KI,792,M-I 41-0792
KI,793,M-I 41-0793
KI,794,M-I 41-0794
KI,795,M-I 41-0795
KI,796,M-I 41-0796
KI,797,M-I 41-0797
KI,798,KEN 47-0798
KI,799,MERLIN
KI,800,MERRIHILL
KI,801,MIDDLE FORK
KI,802,SHL 32-0802
KI,804,RNT 11-0804
KI,805,BUR 33-0805
KI,807,MILLIKIN
KI,810,MINK ROAD
KI,812,MIRRORMONT
KI,815,BEL 41-0815
KI,816,SAM 41-0816
KI,818,BUR 33-0818
KI,819,SHL 32-0819
KI,820,KMR 46-0820
KI,822,MORRIS
KI,823,MORTON
KI,824,BUR 34-0824
KI,825,MOUNT SI
KI,832,SHL 32-0832
KI,834,ELSOM
KI,835,KEN 47-0835
KI,839,NEUWAUKUM
KI,840,NEW 41-0840
KI,842,KEN 47-0842
KI,844,SHL 32-0844
KI,848,BUR 34-0848
KI,849,NPK 33-0849
KI,851,NPK 33-0851
KI,852,NPK 33-0852
KI,853,NPK 33-0853
KI,854,NPK 33-0854
KI,855,NPK 33-0855
KI,857,NPK 33-0857
KI,858,N-B 05-0858
KI,859,N-B 05-0859
KI,861,SHL 32-0861
KI,864,DES 33-0864
KI,866,SHL 32-0866
KI,868,BOT 01-0868
KI,869,NOVELTY
KI,870,KIR 01-0870
KI,875,SHL 32-0875
KI,878,NEW 41-0878
KI,880,KEN 47-0880
KI,881,OSCEOLA
KI,885,PAC 30-0885
KI,886,PAC 30-0886
KI,887,PAC 30-0887
KI,888,SHL 32-0888
KI,893,KEN 11-0893
KI,895,SHL 32-0895
KI,897,SHL 32-0897
KI,898,SHL 32-0898
KI,900,BUR 34-0900
KI,901,PATTERSON
KI,903,SHL 32-0903
KI,909,SAM 41-0909
KI,910,KEN 47-0910
KI,911,DES 33-0911
KI,912,PIPELINE
KI,913,BUR 34-0913
KI,914,SHL 32-0914
KI,917,SHL 32-0917
KI,918,KEN 11-0918
KI,919,PRESTON
KI,920,SHL 32-0920
KI,921,SHL 32-0921
KI,924,QUARTERMASTER
KI,925,KIR 45-0925
KI,926,WOD 45-0926
KI,927,RAGING RIVER
KI,932,RAVENSDALE
KI,935,RED 48-0935
KI,936,RED 45-0936
KI,937,RED 48-0937
KI,938,RED 48-0938
KI,939,RED 48-0939
KI,940,RED 48-0940
KI,941,RED 48-0941
KI,942,RED 48-0942
KI,944,RED 48-0944
KI,945,RED 48-0945
KI,947,RED 48-0947
KI,948,RED 48-0948
KI,949,RED 48-0949
KI,950,RED 48-0950
KI,951,RED 48-0951
KI,952,RED 48-0952
KI,953,RED 48-0953
KI,954,DES 30-0954
KI,956,REGAL
KI,957,BUR 33-0957
KI,958,RENHILL
KI,962,RNT 11-0962
KI,964,RNT 11-0964
KI,965,RNT 37-0965
KI,967,RNT 37-0967
KI,969,RNT 37-0969
KI,970,RNT 11-0970
KI,971,RNT 11-0971
KI,973,RNT 11-0973
KI,975,RNT 11-0975
KI,978,RNT 11-0978
KI,979,RNT 11-0979
KI,980,RNT 11-0980
KI,981,RNT 11-0981
KI,983,RNT 11-0983
KI,984,RNT 11-0984
KI,985,RNT 11-0985
KI,986,RNT 11-0986
KI,988,RNT 11-0988
KI,989,RNT 41-0989
KI,990,RNT 11-0990
KI,991,RNT 37-0991
KI,992,RNT 11-0992
KI,993,RNT 41-0993
KI,994,RNT 41-0994
KI,995,RNT 41-0995
KI,996,RNT 11-0996
KI,997,RNT 11-0997
KI,998,RNT 11-0998
KI,999,RNT 37-0999
KI,1000,RNT 37-1000
KI,1002,RNT 11-1002
KI,1004,RNT 11-1004
KI,1006,RNT 11-1006
KI,1007,RNT 11-1007
KI,1008,RNT 11-1008
KI,1010,RNT 41-1010
KI,1011,RNT 11-1011
KI,1012,RNT 11-1012
KI,1015,RNT 11-1015
KI,1017,RNT 41-1017
KI,1018,RNT 41-1018
KI,1019,KIR 45-1019
KI,1020,SHL 32-1020
KI,1021,SHL 32-1021
KI,1022,RING HILL
KI,1023,BEL 48-1023
KI,1024,RIVERSIDE
KI,1026,BEL 41-1026
KI,1030,SHL 32-1030
KI,1031,SET 33-1031
KI,1032,BUR 34-1032
KI,1034,KEN 47-1034
KI,1035,ROUNDTABLE
KI,1036,ROWAN
KI,1038,SHL 32-1038
KI,1040,KIR 45-1040
KI,1047,BUR 34-1047
KI,1049,BEL 48-1049
KI,1052,BEL 41-1052
KI,1053,SHL 32-1053
KI,1055,KEN 33-1055
KI,1056,LFP 46-1056
KI,1057,BUR 34-1057
KI,1058,BUR 34-1058
KI,1059,BUR 34-1059
KI,1061,SEAVIEW
KI,1062,SELLECK
KI,1064,BUR 34-1064
KI,1066,AUB 47-1066
KI,1067,BUR 33-1067
KI,1068,SHADOW LAKE
KI,1069,SHAMROCK
KI,1070,SHANGRI-LA
KI,1071,DES 33-1071
KI,1073,SHAWNEE
KI,1075,LFP 46-1075
KI,1076,KEN 47-1076
KI,1077,SHL 32-1077
KI,1078,DES 33-1078
KI,1080,SHL 32-1080
KI,1082,BUR 34-1082
KI,1084,SIERRA
KI,1085,SILVER SPURS
KI,1088,SI VIEW
KI,1089,LFP 46-1089
KI,1091,SKY 39-1091
KI,1095,KMR 46-1095
KI,1096,GRIZZLY
KI,1097,SNQ 05-1097
KI,1099,SNO-VALLEY
KI,1101,SHL 32-1101
KI,1102,KEN 47-1102
KI,1104,BUR 34-1104
KI,1106,SHL 32-1106
KI,1107,SPIDER LAKE
KI,1109,RNT 11-1109
KI,1110,SPRING LAKE
KI,1113,SQUAK MOUNTAIN
KI,1114,STACY
KI,1115,NEW 41-1115
KI,1116,BUR 34-1116
KI,1117,STAR LAKE
KI,1121,STEVENS
KI,1122,STILLWATER
KI,1125,RNT 11-1125
KI,1127,COV 47-1127
KI,1130,SAM 41-1130
KI,1131,SUNNYWOOD
KI,1135,SYLVAN
KI,1136,BUR 34-1136
KI,1138,TAHLEQUAH
KI,1139,TAHOMA
KI,1140,SHL 32-1140
KI,1141,TANNER
KI,1143,LFP 46-1143
KI,1145,COV 47-1145
KI,1146,DES 33-1146
KI,1147,KMR 46-1147
KI,1150,BUR 34-1150
KI,1151,KEN 47-1151
KI,1152,TIGER MTN
KI,1153,COV 47-1153
KI,1156,TOLT
KI,1158,SHL 32-1158
KI,1159,TROUT LAKE
KI,1164,TUK 11-1164
KI,1165,TUK 11-1165
KI,1166,TUK 11-1166
KI,1167,TUK 11-1167
KI,1168,SHL 32-1168
KI,1170,KEN 47-1170
KI,1171,KMR 46-1171
KI,1172,TWO RIVERS
KI,1178,SHL 32-1178
KI,1179,UNION HILL
KI,1181,KMR 46-1181
KI,1183,VALENCIA
KI,1186,LFP 46-1186
KI,1187,VASHON
KI,1188,VEAZIE
KI,1189,BUR 33-1189
KI,1191,VINCENT
KI,1192,BUR 34-1192
KI,1195,WABASH
KI,1196,WALLACE
KI,1197,SHL 32-1197
KI,1198,WANDA
KI,1203,COV 47-1203
KI,1204,RNT 33-1204
KI,1205,WOD 45-1205
KI,1207,BOT 01-1207
KI,1208,ISS 41-1208
KI,1209,SHL 32-1209
KI,1210,SHL 32-1210
KI,1212,WESTWOOD
KI,1215,WHITE CENTER
KI,1216,WHITE RIVER
KI,1218,M-V 05-1218
KI,1219,BUR 34-1219
KI,1224,BOT 01-1224
KI,1225,WOD 45-1225
KI,1227,DES 30-1227
KI,1228,SHL 32-1228
KI,1230,WYNOCHE
KI,1231,WYNONA
KI,1233,YPT 48-1233
KI,1234,YPT 48-1234
KI,1235,BEL 41-1235
KI,1236,SHL 32-1236
KI,1237,LFP 46-1237
KI,1245,SEA 34-1245
KI,1246,SEA 34-1246
KI,1247,SEA 34-1247
KI,1248,SEA 34-1248
KI,1249,SEA 34-1249
KI,1250,SEA 34-1250
KI,1251,SEA 34-1251
KI,1252,SEA 34-1252
KI,1254,SEA 34-1254
KI,1255,SEA 34-1255
KI,1256,SEA 11-1256
KI,1257,SEA 34-1257
KI,1258,SEA 34-1258
KI,1259,SEA 34-1259
KI,1262,SEA 43-1262
KI,1263,SEA 43-1263
KI,1264,SEA 43-1264
KI,1265,SEA 43-1265
KI,1266,SEA 43-1266
KI,1267,SEA 43-1267
KI,1268,SEA 43-1268
KI,1269,SEA 43-1269
KI,1271,SEA 43-1271
KI,1272,SEA 43-1272
KI,1273,SEA 36-1273
KI,1274,SEA 43-1274
KI,1275,SEA 43-1275
KI,1277,SEA 43-1277
KI,1278,SEA 43-1278
KI,1279,SEA 43-1279
KI,1280,SEA 43-1280
KI,1282,SEA 46-1282
KI,1283,SEA 46-1283
KI,1284,SEA 46-1284
KI,1285,SEA 46-1285
KI,1286,SEA 36-1286
KI,1287,SEA 36-1287
KI,1288,SEA 36-1288
KI,1291,SEA 43-1291
KI,1292,SEA 36-1292
KI,1294,SEA 36-1294
KI,1295,SEA 36-1295
KI,1296,SEA 36-1296
KI,1297,SEA 36-1297
KI,1298,SEA 36-1298
KI,1299,SEA 36-1299
KI,1300,SEA 36-1300
KI,1301,SEA 36-1301
KI,1303,SEA 36-1303
KI,1304,SEA 36-1304
KI,1305,SEA 36-1305
KI,1306,SEA 36-1306
KI,1307,SEA 36-1307
KI,1308,SEA 36-1308
KI,1309,SEA 36-1309
KI,1310,SEA 46-1310
KI,1311,SEA 46-1311
KI,1312,SEA 46-1312
KI,1313,SEA 46-1313
KI,1314,SEA 46-1314
KI,1317,SEA 36-1317
KI,1318,SEA 36-1318
KI,1319,SEA 36-1319
KI,1320,SEA 36-1320
KI,1321,SEA 36-1321
KI,1322,SEA 36-1322
KI,1323,SEA 36-1323
KI,1324,SEA 36-1324
KI,1325,SEA 36-1325
KI,1326,SEA 36-1326
KI,1328,SEA 36-1328
KI,1329,SEA 36-1329
KI,1330,SEA 43-1330
KI,1331,SEA 43-1331
KI,1332,SEA 43-1332
KI,1333,SEA 43-1333
KI,1334,SEA 43-1334
KI,1335,SEA 43-1335
KI,1338,SEA 43-1338
KI,1339,SEA 43-1339
KI,1341,SEA 43-1341
KI,1342,SEA 43-1342
KI,1343,SEA 43-1343
KI,1344,SEA 43-1344
KI,1345,SEA 43-1345
KI,1347,SEA 43-1347
KI,1348,SEA 43-1348
KI,1349,SEA 43-1349
KI,1350,SEA 43-1350
KI,1351,SEA 43-1351
KI,1352,SEA 43-1352
KI,1353,SEA 43-1353
KI,1354,SEA 43-1354
KI,1355,SEA 43-1355
KI,1357,SEA 43-1357
KI,1358,SEA 43-1358
KI,1359,SEA 43-1359
KI,1360,SEA 43-1360
KI,1361,SEA 43-1361
KI,1362,SEA 43-1362
KI,1363,SEA 43-1363
KI,1364,SEA 43-1364
KI,1365,SEA 43-1365
KI,1366,SEA 43-1366
KI,1367,SEA 43-1367
KI,1368,SEA 43-1368
KI,1369,SEA 43-1369
KI,1370,SEA 43-1370
KI,1371,SEA 43-1371
KI,1372,SEA 43-1372
KI,1373,SEA 43-1373
KI,1374,SEA 43-1374
KI,1375,SEA 43-1375
KI,1376,SEA 43-1376
KI,1377,SEA 43-1377
KI,1378,SEA 43-1378
KI,1379,SEA 43-1379
KI,1380,SEA 43-1380
KI,1382,SEA 36-1382
KI,1384,SEA 36-1384
KI,1385,SEA 36-1385
KI,1386,SEA 36-1386
KI,1387,SEA 36-1387
KI,1388,SEA 36-1388
KI,1389,SEA 36-1389
KI,1390,SEA 36-1390
KI,1391,SEA 36-1391
KI,1392,SEA 36-1392
KI,1393,SEA 36-1393
KI,1394,SEA 36-1394
KI,1395,SEA 36-1395
KI,1396,SEA 36-1396
KI,1397,SEA 36-1397
KI,1398,SEA 36-1398
KI,1399,SEA 36-1399
KI,1400,SEA 46-1400
KI,1401,SEA 46-1401
KI,1402,SEA 36-1402
KI,1403,SEA 36-1403
KI,1404,SEA 46-1404
KI,1406,SEA 43-1406
KI,1408,SEA 34-1408
KI,1409,SEA 34-1409
KI,1410,SEA 34-1410
KI,1411,SEA 34-1411
KI,1412,SEA 34-1412
KI,1413,SEA 34-1413
KI,1414,SEA 34-1414
KI,1415,SEA 34-1415
KI,1416,SEA 34-1416
KI,1418,SEA 34-1418
KI,1419,SEA 34-1419
KI,1420,SEA 34-1420
KI,1422,SEA 34-1422
KI,1423,SEA 34-1423
KI,1424,SEA 34-1424
KI,1425,SEA 34-1425
KI,1426,SEA 34-1426
KI,1427,SEA 34-1427
KI,1428,SEA 34-1428
KI,1429,SEA 34-1429
KI,1430,SEA 34-1430
KI,1431,SEA 34-1431
KI,1432,SEA 34-1432
KI,1433,SEA 34-1433
KI,1434,SEA 34-1434
KI,1435,SEA 34-1435
KI,1436,SEA 34-1436
KI,1437,SEA 34-1437
KI,1438,SEA 34-1438
KI,1439,SEA 34-1439
KI,1440,SEA 34-1440
KI,1441,SEA 34-1441
KI,1442,SEA 34-1442
KI,1443,SEA 34-1443
KI,1444,SEA 34-1444
KI,1446,SEA 34-1446
KI,1448,SEA 34-1448
KI,1449,SEA 34-1449
KI,1450,SEA 34-1450
KI,1451,SEA 34-1451
KI,1452,SEA 34-1452
KI,1453,SEA 34-1453
KI,1454,SEA 34-1454
KI,1455,SEA 34-1455
KI,1456,SEA 34-1456
KI,1457,SEA 34-1457
KI,1458,SEA 34-1458
KI,1459,SEA 34-1459
KI,1460,SEA 34-1460
KI,1461,SEA 34-1461
KI,1462,SEA 34-1462
KI,1463,SEA 34-1463
KI,1464,SEA 34-1464
KI,1465,SEA 34-1465
KI,1466,SEA 34-1466
KI,1467,SEA 34-1467
KI,1468,SEA 34-1468
KI,1469,SEA 34-1469
KI,1470,SEA 34-1470
KI,1471,SEA 34-1471
KI,1472,SEA 34-1472
KI,1473,SEA 34-1473
KI,1474,SEA 34-1474
KI,1475,SEA 34-1475
KI,1476,SEA 34-1476
KI,1477,SEA 34-1477
KI,1478,SEA 34-1478
KI,1479,SEA 34-1479
KI,1480,SEA 34-1480
KI,1481,SEA 34-1481
KI,1482,SEA 34-1482
KI,1484,SEA 34-1484
KI,1485,SEA 34-1485
KI,1486,SEA 34-1486
KI,1487,SEA 34-1487
KI,1488,SEA 34-1488
KI,1489,SEA 34-1489
KI,1490,SEA 34-1490
KI,1493,SEA 34-1493
KI,1494,SEA 34-1494
KI,1496,SEA 34-1496
KI,1497,SEA 34-1497
KI,1498,SEA 34-1498
KI,1499,SEA 34-1499
KI,1500,SEA 34-1500
KI,1501,SEA 34-1501
KI,1502,SEA 34-1502
KI,1504,SEA 34-1504
KI,1506,SEA 34-1506
KI,1507,SEA 34-1507
KI,1508,SEA 34-1508
KI,1509,SEA 34-1509
KI,1510,SEA 34-1510
KI,1511,SEA 34-1511
KI,1512,SEA 34-1512
KI,1513,SEA 34-1513
KI,1514,SEA 34-1514
KI,1515,SEA 34-1515
KI,1516,SEA 34-1516
KI,1517,SEA 34-1517
KI,1518,SEA 34-1518
KI,1519,SEA 34-1519
KI,1520,SEA 34-1520
KI,1521,SEA 34-1521
KI,1522,SEA 34-1522
KI,1523,SEA 34-1523
KI,1524,SEA 34-1524
KI,1526,SEA 34-1526
KI,1527,SEA 34-1527
KI,1529,SEA 34-1529
KI,1530,SEA 34-1530
KI,1532,SEA 34-1532
KI,1533,SEA 34-1533
KI,1534,SEA 34-1534
KI,1535,SEA 34-1535
KI,1536,SEA 34-1536
KI,1537,SEA 34-1537
KI,1538,SEA 34-1538
KI,1539,SEA 34-1539
KI,1540,SEA 34-1540
KI,1541,SEA 34-1541
KI,1543,SEA 34-1543
KI,1545,SEA 34-1545
KI,1546,SEA 34-1546
KI,1550,SEA 11-1550
KI,1552,SEA 11-1552
KI,1553,SEA 37-1553
KI,1555,SEA 37-1555
KI,1557,SEA 37-1557
KI,1558,SEA 37-1558
KI,1559,SEA 37-1559
KI,1563,SEA 37-1563
KI,1564,SEA 37-1564
KI,1565,SEA 37-1565
KI,1566,SEA 37-1566
KI,1567,SEA 37-1567
KI,1568,SEA 37-1568
KI,1570,SEA 37-1570
KI,1571,SEA 37-1571
KI,1572,SEA 37-1572
KI,1574,SEA 37-1574
KI,1575,SEA 37-1575
KI,1576,SEA 37-1576
KI,1578,SEA 37-1578
KI,1579,SEA 37-1579
KI,1580,SEA 37-1580
KI,1582,SEA 37-1582
KI,1583,SEA 37-1583
KI,1584,SEA 37-1584
KI,1585,SEA 37-1585
KI,1586,SEA 37-1586
KI,1587,SEA 37-1587
KI,1588,SEA 37-1588
KI,1589,SEA 37-1589
KI,1590,SEA 37-1590
KI,1591,SEA 37-1591
KI,1592,SEA 37-1592
KI,1593,SEA 37-1593
KI,1594,SEA 37-1594
KI,1596,SEA 37-1596
KI,1597,SEA 11-1597
KI,1600,SEA 11-1600
KI,1602,SEA 11-1602
KI,1607,SEA 37-1607
KI,1608,SEA 37-1608
KI,1609,SEA 37-1609
KI,1610,SEA 37-1610
KI,1611,SEA 37-1611
KI,1612,SEA 37-1612
KI,1613,SEA 37-1613
KI,1614,SEA 37-1614
KI,1615,SEA 37-1615
KI,1616,SEA 37-1616
KI,1617,SEA 37-1617
KI,1618,SEA 37-1618
KI,1619,SEA 37-1619
KI,1620,SEA 37-1620
KI,1621,SEA 37-1621
KI,1622,SEA 37-1622
KI,1624,SEA 11-1624
KI,1628,SEA 37-1628
KI,1629,SEA 37-1629
KI,1630,SEA 37-1630
KI,1631,SEA 37-1631
KI,1632,SEA 37-1632
KI,1633,SEA 37-1633
KI,1634,SEA 37-1634
KI,1635,SEA 37-1635
KI,1636,SEA 37-1636
KI,1637,SEA 37-1637
KI,1638,SEA 37-1638
KI,1639,SEA 11-1639
KI,1640,SEA 37-1640
KI,1641,SEA 11-1641
KI,1643,SEA 37-1643
KI,1646,SEA 37-1646
KI,1647,SEA 37-1647
KI,1648,SEA 37-1648
KI,1650,SEA 37-1650
KI,1651,SEA 37-1651
KI,1652,SEA 37-1652
KI,1661,SEA 36-1661
KI,1662,SEA 36-1662
KI,1663,SEA 36-1663
KI,1664,SEA 36-1664
KI,1665,SEA 36-1665
KI,1666,SEA 36-1666
KI,1668,SEA 36-1668
KI,1670,SEA 36-1670
KI,1672,SEA 36-1672
KI,1673,SEA 36-1673
KI,1675,SEA 36-1675
KI,1676,SEA 36-1676
KI,1677,SEA 36-1677
KI,1679,SEA 36-1679
KI,1682,SEA 36-1682
KI,1683,SEA 36-1683
KI,1684,SEA 36-1684
KI,1685,SEA 36-1685
KI,1686,SEA 36-1686
KI,1687,SEA 36-1687
KI,1688,SEA 36-1688
KI,1689,SEA 36-1689
KI,1690,SEA 36-1690
KI,1691,SEA 36-1691
KI,1692,SEA 36-1692
KI,1693,SEA 36-1693
KI,1695,SEA 36-1695
KI,1696,SEA 36-1696
KI,1697,SEA 36-1697
KI,1698,SEA 36-1698
KI,1699,SEA 36-1699
KI,1700,SEA 36-1700
KI,1701,SEA 36-1701
KI,1702,SEA 36-1702
KI,1703,SEA 36-1703
KI,1704,SEA 36-1704
KI,1709,SEA 36-1709
KI,1710,SEA 36-1710
KI,1711,SEA 36-1711
KI,1712,SEA 36-1712
KI,1713,SEA 36-1713
KI,1714,SEA 36-1714
KI,1715,SEA 36-1715
KI,1716,SEA 36-1716
KI,1717,SEA 36-1717
KI,1718,SEA 36-1718
KI,1719,SEA 36-1719
KI,1720,SEA 36-1720
KI,1721,SEA 36-1721
KI,1722,SEA 36-1722
KI,1723,SEA 36-1723
KI,1724,SEA 36-1724
KI,1725,SEA 36-1725
KI,1726,SEA 36-1726
KI,1727,SEA 36-1727
KI,1729,SEA 36-1729
KI,1730,SEA 36-1730
KI,1731,SEA 36-1731
KI,1732,SEA 36-1732
KI,1734,SEA 36-1734
KI,1735,SEA 36-1735
KI,1736,SEA 36-1736
KI,1737,SEA 36-1737
KI,1738,SEA 36-1738
KI,1739,SEA 36-1739
KI,1740,SEA 36-1740
KI,1741,SEA 36-1741
KI,1742,SEA 36-1742
KI,1743,SEA 36-1743
KI,1744,SEA 36-1744
KI,1746,SEA 36-1746
KI,1747,SEA 36-1747
KI,1748,SEA 36-1748
KI,1749,SEA 36-1749
KI,1750,SEA 36-1750
KI,1751,SEA 36-1751
KI,1752,SEA 36-1752
KI,1754,SEA 36-1754
KI,1755,SEA 36-1755
KI,1756,SEA 36-1756
KI,1757,SEA 36-1757
KI,1758,SEA 36-1758
KI,1759,SEA 36-1759
KI,1760,SEA 36-1760
KI,1761,SEA 36-1761
KI,1762,SEA 36-1762
KI,1763,SEA 36-1763
KI,1764,SEA 36-1764
KI,1765,SEA 36-1765
KI,1766,SEA 36-1766
KI,1767,SEA 36-1767
KI,1768,SEA 36-1768
KI,1769,SEA 36-1769
KI,1770,SEA 36-1770
KI,1771,SEA 36-1771
KI,1772,SEA 36-1772
KI,1773,SEA 36-1773
KI,1774,SEA 36-1774
KI,1775,SEA 36-1775
KI,1776,SEA 43-1776
KI,1779,SEA 43-1779
KI,1780,SEA 43-1780
KI,1781,SEA 43-1781
KI,1783,SEA 43-1783
KI,1784,SEA 43-1784
KI,1787,SEA 43-1787
KI,1788,SEA 43-1788
KI,1801,SEA 36-1801
KI,1803,SEA 36-1803
KI,1805,SEA 36-1805
KI,1806,SEA 36-1806
KI,1808,SEA 36-1808
KI,1812,SEA 36-1812
KI,1813,SEA 36-1813
KI,1815,SEA 36-1815
KI,1816,SEA 36-1816
KI,1817,SEA 43-1817
KI,1818,SEA 43-1818
KI,1819,SEA 43-1819
KI,1821,SEA 43-1821
KI,1823,SEA 37-1823
KI,1824,SEA 37-1824
KI,1825,SEA 37-1825
KI,1826,SEA 43-1826
KI,1827,SEA 37-1827
KI,1831,SEA 37-1831
KI,1833,SEA 37-1833
KI,1834,SEA 37-1834
KI,1835,SEA 43-1835
KI,1838,SEA 37-1838
KI,1839,SEA 37-1839
KI,1840,SEA 37-1840
KI,1841,SEA 37-1841
KI,1842,SEA 43-1842
KI,1843,SEA 43-1843
KI,1845,SEA 43-1845
KI,1846,SEA 43-1846
KI,1847,SEA 43-1847
KI,1849,SEA 43-1849
KI,1850,SEA 37-1850
KI,1851,SEA 43-1851
KI,1853,SEA 37-1853
KI,1854,SEA 37-1854
KI,1855,SEA 43-1855
KI,1856,SEA 43-1856
KI,1857,SEA 43-1857
KI,1858,SEA 43-1858
KI,1859,SEA 43-1859
KI,1860,SEA 43-1860
KI,1861,SEA 43-1861
KI,1862,SEA 43-1862
KI,1863,SEA 43-1863
KI,1864,SEA 37-1864
KI,1867,SEA 43-1867
KI,1868,SEA 43-1868
KI,1869,SEA 43-1869
KI,1870,SEA 43-1870
KI,1871,SEA 37-1871
KI,1872,SEA 37-1872
KI,1874,SEA 43-1874
KI,1875,SEA 37-1875
KI,1876,SEA 37-1876
KI,1879,SEA 37-1879
KI,1880,SEA 37-1880
KI,1881,SEA 37-1881
KI,1882,SEA 37-1882
KI,1883,SEA 37-1883
KI,1884,SEA 37-1884
KI,1885,SEA 37-1885
KI,1886,SEA 37-1886
KI,1887,SEA 43-1887
KI,1888,SEA 43-1888
KI,1889,SEA 43-1889
KI,1890,SEA 37-1890
KI,1891,SEA 37-1891
KI,1892,SEA 37-1892
KI,1893,SEA 37-1893
KI,1894,SEA 37-1894
KI,1895,SEA 37-1895
KI,1896,SEA 37-1896
KI,1897,SEA 37-1897
KI,1898,SEA 37-1898
KI,1899,SEA 37-1899
KI,1900,SEA 37-1900
KI,1901,SEA 37-1901
KI,1902,SEA 37-1902
KI,1903,SEA 37-1903
KI,1906,SEA 37-1906
KI,1907,SEA 37-1907
KI,1910,SEA 37-1910
KI,1911,SEA 37-1911
KI,1913,SEA 37-1913
KI,1914,SEA 37-1914
KI,1915,SEA 37-1915
KI,1916,SEA 37-1916
KI,1917,SEA 37-1917
KI,1918,SEA 37-1918
KI,1919,SEA 37-1919
KI,1920,SEA 37-1920
KI,1925,SEA 37-1925
KI,1927,SEA 37-1927
KI,1928,SEA 11-1928
KI,1930,SEA 37-1930
KI,1932,SEA 37-1932
KI,1934,SEA 37-1934
KI,1935,SEA 37-1935
KI,1936,SEA 37-1936
KI,1938,SEA 37-1938
KI,1940,SEA 37-1940
KI,1941,SEA 11-1941
KI,1942,SEA 11-1942
KI,1944,SEA 37-1944
KI,1945,SEA 11-1945
KI,1947,SEA 11-1947
KI,1950,SEA 37-1950
KI,1952,SEA 46-1952
KI,1953,SEA 46-1953
KI,1954,SEA 46-1954
KI,1955,SEA 46-1955
KI,1957,SEA 46-1957
KI,1959,SEA 46-1959
KI,1961,SEA 46-1961
KI,1962,SEA 46-1962
KI,1963,SEA 46-1963
KI,1964,SEA 46-1964
KI,1965,SEA 46-1965
KI,1966,SEA 46-1966
KI,1967,SEA 46-1967
KI,1968,SEA 46-1968
KI,1969,SEA 46-1969
KI,1970,SEA 46-1970
KI,1971,SEA 46-1971
KI,1974,SEA 46-1974
KI,1975,SEA 43-1975
KI,1976,SEA 43-1976
KI,1977,SEA 46-1977
KI,1978,SEA 46-1978
KI,1980,SEA 46-1980
KI,1982,SEA 43-1982
KI,1983,SEA 43-1983
KI,1986,SEA 43-1986
KI,1990,SEA 43-1990
KI,1991,SEA 43-1991
KI,1992,SEA 43-1992
KI,1993,SEA 43-1993
KI,1994,SEA 43-1994
KI,1995,SEA 43-1995
KI,1996,SEA 43-1996
KI,1997,SEA 43-1997
KI,1999,SEA 43-1999
KI,2000,SEA 43-2000
KI,2001,SEA 43-2001
KI,2002,SEA 43-2002
KI,2004,SEA 43-2004
KI,2006,SEA 43-2006
KI,2007,SEA 43-2007
KI,2008,SEA 43-2008
KI,2009,SEA 43-2009
KI,2011,SEA 43-2011
KI,2013,SEA 43-2013
KI,2014,SEA 43-2014
KI,2015,SEA 43-2015
KI,2016,SEA 43-2016
KI,2017,SEA 43-2017
KI,2018,SEA 43-2018
KI,2020,SEA 43-2020
KI,2021,SEA 43-2021
KI,2023,SEA 43-2023
KI,2024,SEA 43-2024
KI,2025,SEA 43-2025
KI,2026,SEA 43-2026
KI,2027,SEA 43-2027
KI,2028,SEA 43-2028
KI,2029,SEA 43-2029
KI,2033,SEA 43-2033
KI,2034,SEA 43-2034
KI,2035,SEA 43-2035
KI,2037,SEA 43-2037
KI,2038,SEA 43-2038
KI,2039,SEA 43-2039
KI,2040,SEA 43-2040
KI,2043,SEA 43-2043
KI,2044,SEA 43-2044
KI,2045,SEA 43-2045
KI,2047,SEA 43-2047
KI,2048,SEA 43-2048
KI,2049,SEA 43-2049
KI,2050,SEA 43-2050
KI,2052,SEA 43-2052
KI,2055,SEA 43-2055
KI,2056,SEA 46-2056
KI,2057,SEA 46-2057
KI,2058,SEA 43-2058
KI,2059,SEA 43-2059
KI,2061,SEA 43-2061
KI,2064,SEA 43-2064
KI,2065,SEA 43-2065
KI,2068,SEA 43-2068
KI,2069,SEA 43-2069
KI,2071,SEA 43-2071
KI,2074,SEA 43-2074
KI,2075,SEA 43-2075
KI,2076,SEA 43-2076
KI,2081,SEA 43-2081
KI,2083,SEA 43-2083
KI,2084,SEA 43-2084
KI,2088,SEA 43-2088
KI,2089,SEA 43-2089
KI,2090,SEA 46-2090
KI,2091,SEA 46-2091
KI,2092,SEA 46-2092
KI,2093,SEA 46-2093
KI,2094,SEA 46-2094
KI,2095,SEA 46-2095
KI,2096,SEA 46-2096
KI,2097,SEA 46-2097
KI,2098,SEA 46-2098
KI,2099,SEA 46-2099
KI,2100,SEA 46-2100
KI,2104,SEA 43-2104
KI,2105,SEA 43-2105
KI,2109,SEA 43-2109
KI,2110,SEA 43-2110
KI,2113,SEA 43-2113
KI,2115,SEA 43-2115
KI,2116,SEA 36-2116
KI,2117,SEA 36-2117
KI,2118,SEA 36-2118
KI,2119,SEA 36-2119
KI,2120,SEA 36-2120
KI,2121,SEA 36-2121
KI,2125,SEA 36-2125
KI,2126,SEA 36-2126
KI,2127,SEA 46-2127
KI,2128,SEA 46-2128
KI,2129,SEA 36-2129
KI,2130,SEA 36-2130
KI,2131,SEA 36-2131
KI,2133,SEA 36-2133
KI,2134,SEA 36-2134
KI,2142,SEA 46-2142
KI,2143,SEA 46-2143
KI,2145,SEA 46-2145
KI,2146,SEA 36-2146
KI,2147,SEA 36-2147
KI,2148,SEA 36-2148
KI,2149,SEA 36-2149
KI,2152,SEA 46-2152
KI,2153,SEA 46-2153
KI,2161,SEA 36-2161
KI,2162,SEA 36-2162
KI,2163,SEA 36-2163
KI,2164,SEA 36-2164
KI,2165,SEA 36-2165
KI,2166,SEA 36-2166
KI,2167,SEA 36-2167
KI,2168,SEA 36-2168
KI,2170,SEA 36-2170
KI,2171,SEA 36-2171
KI,2172,SEA 36-2172
KI,2200,SEA 32-2200
KI,2201,SEA 32-2201
KI,2202,SEA 32-2202
KI,2203,SEA 32-2203
KI,2204,SEA 32-2204
KI,2206,SEA 32-2206
KI,2208,SEA 32-2208
KI,2209,SEA 32-2209
KI,2210,SEA 32-2210
KI,2211,SEA 32-2211
KI,2215,SEA 32-2215
KI,2216,SEA 32-2216
KI,2217,SEA 32-2217
KI,2218,SEA 32-2218
KI,2221,SEA 46-2221
KI,2224,SEA 32-2224
KI,2228,SEA 46-2228
KI,2231,SEA 46-2231
KI,2234,SEA 46-2234
KI,2236,SEA 46-2236
KI,2237,SEA 43-2237
KI,2238,SEA 43-2238
KI,2239,SEA 43-2239
KI,2240,SEA 46-2240
KI,2243,SEA 46-2243
KI,2244,SEA 46-2244
KI,2245,SEA 46-2245
KI,2247,SEA 46-2247
KI,2249,SEA 46-2249
KI,2251,SEA 46-2251
KI,2252,SEA 46-2252
KI,2253,SEA 46-2253
KI,2257,SEA 46-2257
KI,2260,SEA 46-2260
KI,2261,SEA 46-2261
KI,2263,SEA 46-2263
KI,2264,SEA 46-2264
KI,2266,SEA 46-2266
KI,2267,SEA 46-2267
KI,2268,SEA 46-2268
KI,2269,SEA 46-2269
KI,2270,SEA 46-2270
KI,2271,SEA 46-2271
KI,2272,SEA 46-2272
KI,2274,SEA 46-2274
KI,2275,SEA 46-2275
KI,2276,SEA 46-2276
KI,2277,SEA 46-2277
KI,2280,SEA 46-2280
KI,2282,SEA 46-2282
KI,2283,SEA 46-2283
KI,2285,SEA 46-2285
KI,2286,SEA 46-2286
KI,2289,SEA 46-2289
KI,2290,SEA 46-2290
KI,2291,SEA 46-2291
KI,2292,SEA 46-2292
KI,2293,SEA 46-2293
KI,2295,SEA 46-2295
KI,2296,SEA 46-2296
KI,2297,SEA 46-2297
KI,2298,SEA 46-2298
KI,2299,SEA 46-2299
KI,2300,SEA 46-2300
KI,2302,SEA 46-2302
KI,2303,SEA 46-2303
KI,2304,SEA 46-2304
KI,2305,SEA 46-2305
KI,2306,SEA 46-2306
KI,2307,SEA 46-2307
KI,2308,SEA 46-2308
KI,2309,SEA 46-2309
KI,2310,SEA 46-2310
KI,2311,SEA 46-2311
KI,2313,SEA 46-2313
KI,2314,SEA 46-2314
KI,2316,SEA 46-2316
KI,2317,SEA 46-2317
KI,2318,SEA 46-2318
KI,2319,SEA 46-2319
KI,2320,SEA 46-2320
KI,2321,SEA 46-2321
KI,2322,SEA 46-2322
KI,2323,SEA 46-2323
KI,2324,SEA 46-2324
KI,2325,SEA 46-2325
KI,2326,SEA 46-2326
KI,2327,SEA 46-2327
KI,2328,SEA 46-2328
KI,2330,SEA 46-2330
KI,2332,SEA 46-2332
KI,2333,SEA 46-2333
KI,2334,SEA 46-2334
KI,2335,SEA 46-2335
KI,2336,SEA 46-2336
KI,2337,SEA 46-2337
KI,2338,SEA 46-2338
KI,2339,SEA 46-2339
KI,2340,SEA 46-2340
KI,2341,SEA 46-2341
KI,2342,SEA 46-2342
KI,2343,SEA 46-2343
KI,2344,SEA 46-2344
KI,2345,SEA 46-2345
KI,2346,SEA 46-2346
KI,2347,SEA 46-2347
KI,2348,SEA 46-2348
KI,2349,SEA 46-2349
KI,2350,SEA 46-2350
KI,2351,SEA 46-2351
KI,2352,SEA 46-2352
KI,2353,SEA 46-2353
KI,2355,SEA 46-2355
KI,2357,SEA 46-2357
KI,2358,SEA 46-2358
KI,2359,SEA 46-2359
KI,2360,SEA 46-2360
KI,2361,SEA 46-2361
KI,2363,SEA 46-2363
KI,2364,SEA 46-2364
KI,2366,SEA 46-2366
KI,2367,SEA 46-2367
KI,2369,SEA 46-2369
KI,2370,SEA 46-2370
KI,2371,SEA 46-2371
KI,2373,SEA 46-2373
KI,2375,SEA 46-2375
KI,2377,SEA 46-2377
KI,2378,SEA 46-2378
KI,2379,SEA 46-2379
KI,2381,ALDARRA
KI,2383,ALPINE
KI,2384,ANGELO
KI,2386,BEL 41-2386
KI,2389,BRYAN
KI,2390,COV 47-2390
KI,2391,CLAY
KI,2394,DES 33-2394
KI,2395,DES 33-2395
KI,2399,FAIRWEATHER
KI,2401,ISS 41-2401
KI,2403,KEN 47-2403
KI,2404,LAKE ALICE
KI,2405,MCCOY
KI,2407,B-D 05-2407
KI,2409,ISS 41-2409
KI,2410,RED 45-2410
KI,2412,BEL 48-2412
KI,2413,B-D 05-2413
KI,2416,DES 33-2416
KI,2417,TOTEM
KI,2421,KIR 45-2421
KI,2423,KIR 45-2423
KI,2426,KEN 33-2426
KI,2428,BEL 41-2428
KI,2429,BEL 41-2429
KI,2430,BEL 48-2430
KI,2432,BEL 48-2432
KI,2434,BEL 48-2434
KI,2439,LFP 46-2439
KI,2441,FAIRVILLE
KI,2443,KEN 33-2443
KI,2444,KMR 46-2444
KI,2445,M-I 41-2445
KI,2446,PEGGY
KI,2447,BEL 41-2447
KI,2448,RED 48-2448
KI,2449,RED 48-2449
KI,2450,SAM 45-2450
KI,2453,TUK 11-2453
KI,2455,DES 33-2455
KI,2456,BRONSON
KI,2457,KIR 01-2457
KI,2459,FAIRHAVEN
KI,2460,FOUR LAKES
KI,2461,ISS 05-2461
KI,2462,KMR 46-2462
KI,2465,M-I 41-2465
KI,2466,RED 48-2466
KI,2467,RED 48-2467
KI,2469,SAM 41-2469
KI,2471,KIR 45-2471
KI,2472,RNT 33-2472
KI,2473,BOT 01-2473
KI,2474,NPK 33-2474
KI,2475,RNT 11-2475
KI,2477,KEN 47-2477
KI,2478,AUB 47-2478
KI,2480,CHURCHILL
KI,2484,BEL 41-2484
KI,2485,KEN 47-2485
KI,2486,GRIFFITH
KI,2487,LAKE LEOTA
KI,2488,KIR 01-2488
KI,2489,KIR 45-2489
KI,2490,KEN 47-2490
KI,2491,SAM 41-2491
KI,2492,RED 45-2492
KI,2493,REINTREE
KI,2495,BOT 01-2495
KI,2500,SEA 46-2500
KI,2501,SEA 34-2501
KI,2502,SEA 36-2502
KI,2503,SEA 36-2503
KI,2504,SEA 36-2504
KI,2505,SEA 36-2505
KI,2506,SEA 36-2506
KI,2507,SEA 36-2507
KI,2508,SEA 36-2508
KI,2509,SEA 36-2509
KI,2510,SEA 36-2510
KI,2511,SEA 36-2511
KI,2512,SEA 36-2512
KI,2513,SEA 36-2513
KI,2514,SEA 36-2514
KI,2515,SEA 36-2515
KI,2517,SEA 36-2517
KI,2518,SEA 36-2518
KI,2520,SEA 36-2520
KI,2522,SEA 36-2522
KI,2523,SEA 36-2523
KI,2524,SEA 36-2524
KI,2526,SEA 36-2526
KI,2527,SEA 36-2527
KI,2528,SEA 36-2528
KI,2529,SEA 36-2529
KI,2532,SEA 36-2532
KI,2533,SEA 36-2533
KI,2534,SEA 36-2534
KI,2535,SEA 36-2535
KI,2536,SEA 36-2536
KI,2537,SEA 32-2537
KI,2539,SEA 32-2539
KI,2541,SEA 43-2541
KI,2542,SEA 43-2542
KI,2543,SEA 43-2543
KI,2544,SEA 43-2544
KI,2545,SEA 43-2545
KI,2546,SEA 43-2546
KI,2547,SEA 43-2547
KI,2549,SEA 43-2549
KI,2550,SEA 43-2550
KI,2551,AUB 47-2551
KI,2552,SHL 32-2552
KI,2554,BEL 41-2554
KI,2556,BEL 41-2556
KI,2559,BEL 48-2559
KI,2560,KIR 45-2560
KI,2561,KIR 01-2561
KI,2563,ELIZABETH
KI,2564,SAM 45-2564
KI,2565,FAIRGLEN
KI,2566,HAAS
KI,2567,KEN 33-2567
KI,2568,KEN 47-2568
KI,2569,KEN 33-2569
KI,2570,KEN 33-2570
KI,2573,AUB 47-2573
KI,2575,SAM 45-2575
KI,2576,NATHAN
KI,2580,RED 45-2580
KI,2581,RNT 11-2581
KI,2582,RNT 11-2582
KI,2583,RNT 11-2583
KI,2584,RIVERBEND
KI,2585,KEN 47-2585
KI,2586,COV 47-2586
KI,2589,WOLF
KI,2590,SEA 36-2590
KI,2592,SEA 36-2592
KI,2593,SEA 36-2593
KI,2594,NAPOLEON
KI,2595,KIR 01-2595
KI,2597,WOD 45-2597
KI,2598,KIR 48-2598
KI,2599,KEN 47-2599
KI,2600,WEEKS
KI,2601,MICHAEL
KI,2602,ISS 41-2602
KI,2603,NAILA
KI,2605,ISS 41-2605
KI,2606,HUSKY
KI,2607,RNT 11-2607
KI,2614,M-V 05-2614
KI,2615,HOLM LAKE
KI,2616,SNO PASS
KI,2618,KEN 33-2618
KI,2619,SEA 46-2619
KI,2620,SAM 45-2620
KI,2621,BEL 41-2621
KI,2623,DES 33-2623
KI,2625,DES 33-2625
KI,2626,DES 33-2626
KI,2627,DES 33-2627
KI,2628,RED 48-2628
KI,2629,RED 48-2629
KI,2630,RED 48-2630
KI,2632,RED 48-2632
KI,2633,RED 48-2633
KI,2634,RED 48-2634
KI,2635,RED 48-2635
KI,2636,RED 48-2636
KI,2637,DES 33-2637
KI,2638,RED 45-2638
KI,2640,RED 48-2640
KI,2641,RED 48-2641
KI,2643,RED 45-2643
KI,2644,NPK 33-2644
KI,2645,NPK 33-2645
KI,2646,NPK 33-2646
KI,2650,MERLOT
KI,2651,ROSE
KI,2652,AMES LAKE
KI,2653,BIG BEND
KI,2654,BROOKSIDE
KI,2655,HILL
KI,2656,HOLLYMORE
KI,2657,KIR 48-2657
KI,2658,LAKE JOY
KI,2659,RED 45-2659
KI,2666,FOREST
KI,2667,KEN 47-2667
KI,2671,DES 33-2671
KI,2672,DES 33-2672
KI,2673,DES 33-2673
KI,2674,DES 33-2674
KI,2676,BOT 01-2676
KI,2677,BOT 01-2677
KI,2678,KIR 01-2678
KI,2679,KIR 45-2679
KI,2680,WOD 45-2680
KI,2683,N-B 05-2683
KI,2684,SAM 45-2684
KI,2686,SEA 37-2686
KI,2689,BRIAR
KI,2690,SAM 41-2690
KI,2691,M-I 41-2691
KI,2692,ISS 41-2692
KI,2693,SAM 45-2693
KI,2699,KEN 33-2699
KI,2700,AUB 47-2700
KI,2701,AUB 47-2701
KI,2702,AUB 30-2702
KI,2703,AUB 30-2703
KI,2704,KEN 47-2704
KI,2705,CARRIAGE
KI,2707,FAIRMONT
KI,2708,KEN 47-2708
KI,2709,KEN 47-2709
KI,2710,LEAH
KI,2711,COV 47-2711
KI,2714,BEL 41-2714
KI,2715,BEL 48-2715
KI,2716,BEL 48-2716
KI,2718,SAM 05-2718
KI,2719,BEL 41-2719
KI,2720,BRITTANY
KI,2721,CADDIS
KI,2722,KIR 45-2722
KI,2723,AUB 47-2723
KI,2725,CORWIN
KI,2726,SAM 45-2726
KI,2728,KELLY
KI,2729,AUB 47-2729
KI,2730,KIR 45-2730
KI,2731,KIR 48-2731
KI,2733,ISS 41-2733
KI,2734,WOD 45-2734
KI,2736,LYNX
KI,2737,PROVAN
KI,2739,RNT 11-2739
KI,2740,RUDDELL
KI,2741,SAWYER
KI,2742,SEAN
KI,2743,SEA 36-2743
KI,2746,THOMAS
KI,2748,M-V 05-2748
KI,2749,SEA 36-2749
KI,2750,SEA 36-2750
KI,2751,TUK 11-2751
KI,2752,TUK 11-2752
KI,2753,SHL 32-2753
KI,2754,KMR 46-2754
KI,2759,KIR 01-2759
KI,2760,KIR 45-2760
KI,2761,KIR 45-2761
KI,2762,KIR 01-2762
KI,2763,LFP 46-2763
KI,2764,KMR 46-2764
KI,2765,KMR 46-2765
KI,2767,KIR 01-2767
KI,2768,KIR 01-2768
KI,2769,WOD 45-2769
KI,2771,KMR 46-2771
KI,2772,BEL 48-2772
KI,2773,BEL 48-2773
KI,2774,BEL 48-2774
KI,2775,BEL 48-2775
KI,2776,BEL 48-2776
KI,2778,BEL 48-2778
KI,2782,BEL 41-2782
KI,2783,BROOKTRAILS
KI,2785,JAY
KI,2786,KIR 45-2786
KI,2788,KIR 48-2788
KI,2789,RED 48-2789
KI,2790,RED 48-2790
KI,2791,SAM 45-2791
KI,2795,SEA 36-2795
KI,2796,SEA 46-2796
KI,2799,SEA 37-2799
KI,2802,BRIGID
KI,2803,COLLEEN
KI,2804,DANIEL
KI,2806,ISS 05-2806
KI,2809,M-I 41-2809
KI,2810,MATTHEW
KI,2811,NEW 41-2811
KI,2812,BEL 41-2812
KI,2813,SAM 41-2813
KI,2815,RNT 11-2815
KI,2816,RNT 11-2816
KI,2820,DES 33-2820
KI,2831,SERENIDAD
KI,2832,BRINN
KI,2834,KEN 47-2834
KI,2836,KEN 47-2836
KI,2837,FARLEY
KI,2838,KEN 47-2838
KI,2839,AUB 47-2839
KI,2840,HANSEN
KI,2841,M-V 05-2841
KI,2843,COV 47-2843
KI,2844,RNT 11-2844
KI,2845,RNT 11-2845
KI,2848,PTARMIGAN
KI,2850,SEA 43-2850
KI,2852,SEA 43-2852
KI,2853,SEA 43-2853
KI,2854,RNT 11-2854
KI,2856,PAC 30-2856
KI,2857,M-V 05-2857
KI,2859,SWEENEY
KI,2861,SEA 37-2861
KI,2862,SEA 43-2862
KI,2863,KIR 48-2863
KI,2864,KEN 33-2864
KI,2865,BOT 01-2865
KI,2904,MONEYSMITH
KI,2905,MUCKLESHOOT
KI,2906,BEL 41-2906
KI,2907,MOUNT CLARE
KI,2908,SHEFFIELD
KI,2909,GROUSEMONT
KI,2910,KIR 45-2910
KI,2911,KIR 45-2911
KI,2912,KIR 45-2912
KI,2913,KIR 48-2913
KI,2914,KIR 48-2914
KI,2915,KIR 48-2915
KI,2916,KIR 45-2916
KI,2917,KIR 45-2917
KI,2918,KIR 01-2918
KI,2919,KIR 48-2919
KI,2920,KIR 48-2920
KI,2921,KIR 48-2921
KI,2922,KIR 48-2922
KI,2923,KIR 01-2923
KI,2924,KIR 45-2924
KI,2925,KIR 48-2925
KI,2926,HOLIDAY LAKE
KI,2928,SEA 43-2928
KI,2929,ISS 05-2929
KI,2931,KIR 45-2931
KI,2932,KIR 45-2932
KI,2933,KIR 45-2933
KI,2934,KIR 45-2934
KI,2935,BEL 41-2935
KI,2936,BEL 41-2936
KI,2937,SAM 41-2937
KI,2938,ILLAHEE
KI,2939,KEN 47-2939
KI,2940,SAM 41-2940
KI,2941,SAM 05-2941
KI,2942,SAM 41-2942
KI,2943,BEL 41-2943
KI,2945,BEL 41-2945
KI,2949,TUK 11-2949
KI,2951,TUK 11-2951
KI,2952,TUK 11-2952
KI,2955,TUK 11-2955
KI,2956,TUK 11-2956
KI,2959,DUV 45-2959
KI,2961,SAM 45-2961
KI,2962,KIR 45-2962
KI,2963,SAM 45-2963
KI,2964,MARCEL
KI,2965,SAM 45-2965
KI,2966,RED 48-2966
KI,2967,RED 48-2967
KI,2968,RED 48-2968
KI,2969,RED 48-2969
KI,2970,BEL 41-2970
KI,2971,SAM 05-2971
KI,2972,SAM 05-2972
KI,2973,SAM 41-2973
KI,2974,MORGAN
KI,2975,SAM 05-2975
KI,2977,ISS 41-2977
KI,2980,CYPRESS
KI,2982,COV 47-2982
KI,2984,HUCKLEBERRY
KI,2985,KEN 47-2985
KI,2986,TIMBER
KI,2987,SEA 43-2987
KI,2988,FED 30-2988
KI,2990,FED 30-2990
KI,2991,FED 30-2991
KI,2992,FED 30-2992
KI,2993,FED 30-2993
KI,2994,FED 30-2994
KI,2995,FED 30-2995
KI,2996,FED 30-2996
KI,2999,FED 30-2999
KI,3000,FED 30-3000
KI,3001,FED 30-3001
KI,3002,FED 30-3002
KI,3003,FED 30-3003
KI,3004,FED 30-3004
KI,3005,FED 30-3005
KI,3006,FED 30-3006
KI,3007,FED 30-3007
KI,3008,FED 30-3008
KI,3010,FED 30-3010
KI,3011,FED 30-3011
KI,3012,FED 30-3012
KI,3013,FED 30-3013
KI,3014,FED 30-3014
KI,3015,FED 30-3015
KI,3017,FED 30-3017
KI,3018,FED 30-3018
KI,3019,FED 30-3019
KI,3020,FED 30-3020
KI,3021,FED 30-3021
KI,3022,FED 30-3022
KI,3023,FED 30-3023
KI,3024,FED 30-3024
KI,3025,FED 30-3025
KI,3026,FED 30-3026
KI,3027,FED 30-3027
KI,3028,FED 30-3028
KI,3029,FED 30-3029
KI,3030,FED 30-3030
KI,3031,FED 30-3031
KI,3032,FED 30-3032
KI,3033,FED 30-3033
KI,3034,FED 30-3034
KI,3035,FED 30-3035
KI,3036,FED 30-3036
KI,3037,FED 30-3037
KI,3038,FED 30-3038
KI,3039,FED 30-3039
KI,3040,FED 30-3040
KI,3041,FED 30-3041
KI,3042,FED 30-3042
KI,3043,FED 30-3043
KI,3044,FED 30-3044
KI,3045,FED 30-3045
KI,3046,FED 30-3046
KI,3047,FED 30-3047
KI,3048,FED 30-3048
KI,3049,FED 30-3049
KI,3050,FED 30-3050
KI,3051,FED 30-3051
KI,3052,FED 30-3052
KI,3053,FED 30-3053
KI,3054,FED 30-3054
KI,3055,FED 30-3055
KI,3056,FED 30-3056
KI,3057,SET 33-3057
KI,3059,SET 33-3059
KI,3060,SET 33-3060
KI,3061,SET 33-3061
KI,3062,SET 33-3062
KI,3063,SET 33-3063
KI,3065,SET 33-3065
KI,3066,SET 33-3066
KI,3068,SET 33-3068
KI,3069,SET 33-3069
KI,3070,SET 33-3070
KI,3073,SET 33-3073
KI,3074,SET 33-3074
KI,3075,SET 33-3075
KI,3076,SET 33-3076
KI,3077,FED 30-3077
KI,3078,FED 30-3078
KI,3079,FED 30-3079
KI,3080,FED 30-3080
KI,3081,SET 33-3081
KI,3083,HORSESHOE
KI,3085,FED 30-3085
KI,3086,FED 30-3086
KI,3087,FED 30-3087
KI,3088,FED 30-3088
KI,3090,FED 30-3090
KI,3091,FED 30-3091
KI,3092,FED 30-3092
KI,3093,FED 30-3093
KI,3094,FED 30-3094
KI,3095,FED 30-3095
KI,3096,FED 30-3096
KI,3097,FED 30-3097
KI,3098,FED 30-3098
KI,3100,SET 33-3100
KI,3101,SET 33-3101
KI,3102,SET 33-3102
KI,3104,SET 33-3104
KI,3107,SET 33-3107
KI,3109,KIR 45-3109
KI,3110,FED 30-3110
KI,3127,TUK 11-3127
KI,3128,TUK 11-3128
KI,3131,DES 33-3131
KI,3132,MERGANSER
KI,3134,RED 48-3134
KI,3136,KEN 47-3136
KI,3138,ISS 05-3138
KI,3140,BEL 41-3140
KI,3141,ALG 30-3141
KI,3143,BEL 48-3143
KI,3144,BEL 48-3144
KI,3145,ISS 05-3145
KI,3146,MIL 30-3146
KI,3147,RED 48-3147
KI,3148,KMR 46-3148
KI,3150,TWIN PEAKS
KI,3151,SNQ 05-3151
KI,3153,SEA 36-3153
KI,3154,RNT 37-3154
KI,3159,SEA 37-3159
KI,3162,RNT 11-3162
KI,3164,LYNN
KI,3166,BEL 48-3166
KI,3172,KEN 33-3172
KI,3174,KEN 33-3174
KI,3175,SEA 34-3175
KI,3180,KEN 47-3180
KI,3181,LAKE YOUNGS
KI,3184,KEN 47-3184
KI,3186,FALCON
KI,3187,AUB 47-3187
KI,3189,KEN 47-3189
KI,3190,KEN 47-3190
KI,3192,WOD 45-3192
KI,3193,WOD 45-3193
KI,3195,BOT 01-3195
KI,3196,KIR 48-3196
KI,3198,KIR 45-3198
KI,3199,KIR 45-3199
KI,3200,KIR 45-3200
KI,3201,DIPPER
KI,3202,SAM 05-3202
KI,3203,SAM 05-3203
KI,3204,SAM 05-3204
KI,3205,DUTHIE HILL
KI,3206,ISS 05-3206
KI,3208,RED 48-3208
KI,3210,SALISH
KI,3211,TRILLIUM
KI,3212,MEANDER
KI,3213,SAM 45-3213
KI,3214,SAM 41-3214
KI,3215,SAM 41-3215
KI,3216,SAM 45-3216
KI,3217,SAM 45-3217
KI,3218,DUV 45-3218
KI,3219,DUV 45-3219
KI,3220,FOX
KI,3221,DOUGLAS
KI,3222,RNT 11-3222
KI,3223,RNT 11-3223
KI,3224,RNT 11-3224
KI,3225,BEL 41-3225
KI,3226,BEL 41-3226
KI,3227,NEW 41-3227
KI,3228,NEW 41-3228
KI,3230,SEA 43-3230
KI,3232,KEN 33-3232
KI,3233,TUK 11-3233
KI,3234,FED 30-3234
KI,3235,FED 30-3235
KI,3236,FED 30-3236
KI,3237,FED 30-3237
KI,3238,FED 30-3238
KI,3241,NEW 41-3241
KI,3242,M-V 05-3242
KI,3244,COV 47-3244
KI,3245,M-V 05-3245
KI,3246,ENM 31-3246
KI,3247,ENM 31-3247
KI,3248,ENM 31-3248
KI,3249,MARYMOOR
KI,3252,SEA 36-3252
KI,3260,AUB 47-3260
KI,3261,NEW 41-3261
KI,3262,SEA 43-3262
KI,3263,SEA 34-3263
KI,3264,SEA 34-3264
KI,3265,SEA 34-3265
KI,3266,SEA 34-3266
KI,3267,SEA 36-3267
KI,3268,PLAINS
KI,3269,DARWOOD
KI,3270,WOD 45-3270
KI,3271,BOT 01-3271
KI,3272,M-V 05-3272
KI,3273,DEVILLE
KI,3275,KEN 47-3275
KI,3276,AUB 47-3276
KI,3278,BEL 41-3278
KI,3279,COV 47-3279
KI,3280,LORA
KI,3281,RED 45-3281
KI,3282,RED 45-3282
KI,3283,ELSIE
KI,3284,ISABELLA
KI,3287,RNT 11-3287
KI,3289,FED 30-3289
KI,3290,CAR 05-3290
KI,3291,BEL 41-3291
KI,3292,BEL 48-3292
KI,3293,SAM 45-3293
KI,3294,BITTERROOT
KI,3295,LUND
KI,3296,N-B 05-3296
KI,3298,SAM 45-3298
KI,3299,AUB 31-3299
KI,3300,KEN 47-3300
KI,3302,FREEDOM
KI,3303,LAKE MORTON
KI,3304,BERRYDALE
KI,3305,FED 30-3305
KI,3306,SAM 05-3306
KI,3307,SAM 05-3307
KI,3308,SAM 05-3308
KI,3310,B-D 05-3310
KI,3312,BEL 41-3312
KI,3313,RED 48-3313
KI,3315,RED 45-3315
KI,3316,RED 48-3316
KI,3317,SEA 36-3317
KI,3318,SEA 36-3318
KI,3319,SEA 36-3319
KI,3320,SEA 43-3320
KI,3321,BOT 01-3321
KI,3322,M-V 05-3322
KI,3323,KEN 47-3323
KI,3324,AUB 47-3324
KI,3326,SAM 05-3326
KI,3327,SALAL
KI,3329,THISTLE
KI,3330,BEL 41-3330
KI,3331,KEN 11-3331
KI,3332,KEN 33-3332
KI,3333,COOPER
KI,3334,BACUS
KI,3335,AUB 31-3335
KI,3337,KIR 48-3337
KI,3338,HERON
KI,3339,CROSS
KI,3340,PORTAGE
KI,3341,SEA 36-3341
KI,3344,KEN 47-3344
KI,3345,SEA 36-3345
KI,3352,KEN 47-3352
KI,3355,BRIDLE TRAILS
KI,3359,RNT 11-3359
KI,3362,KEN 33-3362
KI,3363,SHL 32-3363
KI,3365,COV 47-3365
KI,3366,M-V 05-3366
KI,3367,M-V 05-3367
KI,3368,M-V 05-3368
KI,3369,M-V 05-3369
KI,3370,BEL 41-3370
KI,3371,BEL 41-3371
KI,3372,FED 30-3372
KI,3373,M-V 05-3373
KI,3375,KEN 05-3375
KI,3378,KEN 33-3378
KI,3380,LFP 46-3380
KI,3384,SAM 41-3384
KI,3385,SAM 41-3385
KI,3386,SAM 45-3386
KI,3387,SAM 45-3387
KI,3388,SAM 45-3388
KI,3389,SAM 45-3389
KI,3391,RED 48-3391
KI,3393,TUK 11-3393
KI,3395,FED 30-3395
KI,3396,CANDLEWOOD
KI,3397,KIR 45-3397
KI,3398,BOT 01-3398
KI,3400,ALDER SPRINGS
KI,3401,KIR 48-3401
KI,3402,KEN 47-3402
KI,3403,KEN 11-3403
KI,3404,RNT 11-3404
KI,3405,AUB 31-3405
KI,3406,N-B 05-3406
KI,3407,N-B 05-3407
KI,3408,KEN 47-3408
KI,3409,SNQ 05-3409
KI,3410,SEALTH
KI,3412,SAM 45-3412
KI,3413,AUB 47-3413
KI,3414,ENM 05-3414
KI,3415,RED 48-3415
KI,3416,SEA 37-3416
KI,3417,RED MILL
KI,3418,QUAIL
KI,3420,BOT 01-3420
KI,3422,KIR 01-3422
KI,3424,SEA 43-3424
KI,3437,IDA
KI,3438,RNT 41-3438
KI,3439,KIR 48-3439
KI,3444,RUSS
KI,3445,KEN 33-3445
KI,3447,KEN 47-3447
KI,3450,KIR 45-3450
KI,3451,WINTERGREEN
KI,3454,SAM 45-3454
KI,3455,AUB 47-3455
KI,3456,AUB 47-3456
KI,3459,ARIA
KI,3461,M-V 05-3461
KI,3462,KEN 05-3462
KI,3463,B-D 05-3463
KI,3464,ISS 05-3464
KI,3468,CROW
KI,3472,RATTLESNAKE
KI,3474,LAKE RETREAT
KI,3475,RED 48-3475
KI,3476,AUB 30-3476
KI,3478,GREEN VALLEY
KI,3479,RIDGE
KI,3480,SWAN LAKE
KI,3481,DUV 45-3481
KI,3482,M-V 05-3482
KI,3483,KEN 47-3483
KI,3489,BLACK RIVER
KI,3491,SEA 11-3491
KI,3492,ENM 31-3492
KI,3493,KEN 47-3493
KI,3496,SEA 36-3496
KI,3497,SEA 43-3497
KI,3498,BEL 48-3498
KI,3499,TUK 11-3499
KI,3500,EDGEHILL
KI,3502,DUV 45-3502
KI,3503,ISS 05-3503
KI,3504,ISS 05-3504
KI,3505,SAM 45-3505
KI,3506,SAM 41-3506
KI,3507,SAM 41-3507
KI,3508,SAM 41-3508
KI,3509,WOODSIDE
KI,3510,M-V 05-3510
KI,3511,SNQ 05-3511
KI,3512,SNQ 05-3512
KI,3513,SNQ 05-3513
KI,3514,SNQ 05-3514
KI,3515,SAM 05-3515
KI,3517,COV 47-3517
KI,3518,AUB 47-3518
KI,3522,WELCOME LAKE
KI,3523,KENTLAKE
KI,3525,BRIARWOOD
KI,3526,FAIRMONT GLEN
KI,3527,ISS 05-3527
KI,3528,NEW 41-3528
KI,3529,NEW 41-3529
KI,3530,WOD 45-3530
KI,3533,ISS 41-3533
KI,3534,LOUIE
KI,3535,RNT 33-3535
KI,3536,M-V 05-3536
KI,3537,KEN 47-3537
KI,3538,AUB 47-3538
KI,3539,AUB 47-3539
KI,3545,WEBSTER
KI,3547,RED 45-3547
KI,3548,RED 48-3548
KI,3551,COV 47-3551
KI,3552,ISS 05-3552
KI,3553,KEN 33-3553
KI,3554,ISS 41-3554
KI,3555,RNT 11-3555
KI,3556,SHL 32-3556
KI,3557,SUNSET
KI,3558,SNQ 05-3558
KI,3559,ISS 05-3559
KI,3560,SNQ 05-3560
KI,3561,TWINBERRY
KI,3562,ADAIR
KI,3563,RNT 11-3563
KI,3564,RNT 11-3564
KI,3565,EAGLE
KI,3566,SEA 36-3566
KI,3567,SEA 37-3567
KI,3568,SEA 32-3568
KI,3569,STEED
KI,3570,SEA 43-3570
KI,3571,SEA 43-3571
KI,3572,ISS 05-3572
KI,3573,SEA 37-3573
KI,3574,FED 30-3574
KI,3575,RNT 11-3575
KI,3576,BINGAMAN
KI,3578,NEW 41-3578
KI,3579,KEN 47-3579
KI,3580,SEA 11-3580
KI,3581,COV 47-3581
KI,3582,FED 30-3582
KI,3583,BEL 41-3583
KI,3584,RED 45-3584
KI,3585,AUB 47-3585
KI,3586,SEA 36-3586
KI,3587,SEA 36-3587
KI,3588,RNT 11-3588
KI,3589,M-V 05-3589
KI,3590,RNT 11-3590
KI,3591,AUB 47-3591
KI,3592,KMR 46-3592
KI,3593,BEL 41-3593
KI,3594,KMR 46-3594
KI,3595,SEA 43-3595
KI,3596,FED 30-3596
KI,3597,COV 47-3597
KI,3599,FED 30-3599
KI,3600,M-V 05-3600
KI,3601,M-V 05-3601
KI,3604,RNT 11-3604
KI,3605,SEA 36-3605
KI,3607,SAM 41-3607
KI,3608,BEL 41-3608
KI,3609,RNT 11-3609
KI,3610,DIAMOND
KI,3611,N-B 05-3611
KI,3612,KIR 45-3612
KI,3613,GLENN
KI,3614,TUK 11-3614
KI,3616,FRAGER
KI,3617,SEA 37-3617
KI,3618,SET 33-3618
KI,3619,RNT 11-3619
KI,3620,BOT 45-3620
KI,3621,BEL 41-3621
KI,3623,EASTRIDGE
KI,3624,ROYAL
KI,3625,PINE
KI,3626,HONEY
KI,3627,MCKINLEY
KI,3628,SEA 43-3628
KI,3629,KEN 33-3629
KI,3630,GRAFF
KI,3631,PORT
KI,3632,SEA 34-3632
KI,3633,SNQ 05-3633
KI,3634,ISS 05-3634
KI,3635,AUB 47-3635
KI,3636,SEA 37-3636
KI,3637,SEA 34-3637
KI,3638,SAM 41-3638
KI,3639,SEA 37-3639
KI,3640,KIR 45-3640
KI,3641,ASPEN GLEN
KI,3642,DUV 45-3642
KI,3643,RNT 11-3643
KI,3644,KEN 33-3644
KI,3645,SNQ 05-3645
KI,3646,KIR 45-3646
KI,3647,SEA 37-3647
KI,3648,SEA 34-3648
KI,3649,ISS 05-3649
KI,3650,RNT 37-3650
KI,3651,ISS 05-3651
KI,3652,KEN 47-3652
KI,3654,SAM 41-3654
KI,3655,M-I 41-3655
KI,3656,SEA 32-3656
KI,3657,BEL 41-3657
KI,3658,BEL 41-3658
KI,3659,KELSEY
KI,3660,RNT 11-3660
KI,3661,BOT 01-3661
KI,3663,KEN 11-3663
KI,3664,RED 48-3664
KI,3665,SEA 43-3665
KI,3666,SEA 37-3666
KI,3667,SNQ 05-3667
KI,3668,KIR 45-3668
KI,3669,SEA 36-3669
KI,3670,KEN 33-3670
KI,3671,BEL 41-3671
KI,3672,SEA 37-3672
KI,3673,SEA 37-3673
KI,3674,BEL 48-3674
KI,3675,BEL 48-3675
KI,3676,KEN 47-3676
KI,3677,SEA 46-3677
KI,3678,KIR 01-3678
KI,3679,SEA 36-3679
KI,3680,BEL 41-3680
KI,3681,NEW 41-3681
KI,3682,SEA 34-3682
KI,3683,RNT 11-3683
KI,3684,BEL 41-3684
KI,3685,SEA 43-3685
KI,3686,SEA 36-3686
KI,3687,SEA 46-3687
KI,3688,SEA 46-3688
KI,3689,SEA 36-3689
KI,3690,SEA 43-3690
KI,3691,ISS 05-3691
KI,3692,SEA 43-3692
KI,3693,SEA 37-3693
KI,3694,SEA 37-3694
KI,3695,BEL 41-3695
KI,3696,SEA 37-3696
KI,3697,ISS 05-3697
KI,3698,RNT 05-3698
KI,3699,SEA 36-3699
KI,3700,SEA 43-3700
KI,3701,SEA 43-3701
KI,3702,SEA 34-3702
KI,3703,SNQ 05-3703
KI,3704,SET 33-3704
KI,3705,SEA 36-3705
KI,3706,LAKE FENWICK
KI,3707,BIG LEAF
KI,3708,SEA 37-3708
KI,3709,COV 05-3709
KI,3710,SEA 36-3710
KI,3711,ISS 05-3711
KI,3712,ISS 05-3712
KI,3713,COV 47-3713
KI,3714,ISS 05-3714
KI,3715,KEN 33-3715
KI,3716,BUR 33-3716
KI,3717,M-V 05-3717
KI,3718,AUB 47-3718
KI,3719,SEA 43-3719
KI,3720,SEA 36-3720
KI,3721,SEA 37-3721
KI,3722,SAM 45-3722
KI,3723,KMR 46-3723
KI,3724,BOT 01-3724
KI,3725,WOD 45-3725
KI,3726,BOT 01-3726
KI,3727,BOT 01-3727
KI,3728,SEA 46-3728
KI,3729,SEA 37-3729
KI,3730,SEA 37-3730
KI,3731,SEA 37-3731
KI,3732,SEA 37-3732
KI,3733,ISS 05-3733
KI,3734,SNQ 05-3734
KI,3735,TREEMONT
KI,3736,ISS 05-3736
KI,3737,RED 45-3737
KI,3738,RED 48-3738
KI,3739,RED 48-3739
KI,3740,ISS 41-3740
KI,3741,DUV 45-3741
KI,3742,DUV 45-3742
KI,3743,SEA 36-3743
KI,3744,SEA 36-3744
KI,3745,SEA 36-3745
KI,3746,SEA 32-3746
KI,3747,SEA 36-3747
KI,3748,SEA 43-3748
KI,3749,SEA 36-3749
KI,3750,SEA 36-3750
KI,3751,RNT 11-3751
KI,3752,BUR 34-3752
KI,3753,KEN 33-3753
KI,3754,KEN 47-3754
KI,3755,KEN 47-3755
KI,3756,RNT 11-3756
KI,3757,KEN 33-3757
KI,3758,KEN 33-3758
KI,3759,BEL 41-3759
KI,3760,KIR 48-3760
KI,3761,BEL 48-3761
KI,3762,TOOEY
KI,3763,ANNIE
KI,3764,FED 30-3764
KI,3765,AUB 47-3765
KI,3766,FED 30-3766
KI,3767,SEA 34-3767
KI,3768,HAINES
KI,3769,AQUA
KI,3770,SEA 34-3770
KI,3771,BUR 33-3771
KI,3772,SEA 34-3772
KI,3773,THURNAU
KI,3774,SET 33-3774
KI,3775,SEA 37-3775
KI,3776,SEA 43-3776
KI,3777,RNT 11-3777
KI,3778,KEN 47-3778
KI,3779,RNT 11-3779
KI,3780,RNT 11-3780
KI,3781,M-V 05-3781
KI,3782,M-V 05-3782
KI,3783,IVERSON
KI,3784,RNT 11-3784
KI,3785,SEA 34-3785
KI,3786,ISS 41-3786
KI,3787,SEA 43-3787
KI,3788,SEA 43-3788
KI,3789,ISS 41-3789
KI,3790,AUB 47-3790
KI,3791,CASCARA
KI,3792,BUR 34-3792
KI,3793,KEN 47-3793
KI,3794,M-V 05-3794
KI,3795,COV 47-3795
KI,3796,SEA 37-3796
KI,3797,SEA 36-3797
KI,3798,SEA 46-3798
KI,3799,COV 47-3799
KI,3800,AUB 31-3800
KI,3801,BUR 33-3801
KI,3802,SEA 37-3802
KI,3803,SEA 43-3803
KI,3804,SEA 43-3804
KI,3805,SEA 43-3805
KI,3806,QUAIL CREEK
KI,3807,SEA 43-3807
KI,3808,PAC 30-3808
KI,3809,RED 48-3809
KI,3810,SEA 11-3810
KI,3811,M-V 05-3811
KI,3812,AUB 47-3812
KI,3813,RNT 05-3813
KI,8888,ELECTIONS OFFICE
